id,Version,English,English (Europe),German,Spanish,Spanish (US),French,French (US),Italian,Dutch,Chinese,Chinese (Traditional),Japanese,Korean,Russian
533,1.0.0,school hat,school hat,Schülerhut,gorra de colegio,gorra de colegio,chapeau d'écolier,chapeau d'écolier,cappello da scolaro,Japanse schoolhoedje,上学帽,上學帽,つうがくぼう,유치원생 모자,школьная шапочка
550,1.0.0,New Year's hat,New Year's hat,Neujahrshut,gorro de Año Nuevo,gorro de Año Nuevo,chapeau de nouvel an,chapeau de Nouvel An,cappello di Capodanno,nieuwjaarshoedje,新年帽,新年帽,ニューイヤーハット,새해 모자,новогодняя шапочка
551,1.0.0,birthday hat,birthday hat,Geburtstagshut,sombrero de cumpleaños,sombrero de cumpleaños,chapeau anniversaire,chapeau de fête,cappello di compleanno,verjaardagshoed,生日帽,生日帽,バースデーハット,생일 모자,именинная шапка
552,1.0.0,hyacinth crown,hyacinth crown,Hyazinthenkrone,guirnalda jacinto,tiara jacintos,coiffe jacinthes,coiffe jacinthes,corona di giacinti,hyacintenkroon,风信子花冠,風信子花冠,ヒヤシンスのかんむり,히아신스 화관,венок из гиацинтов
553,1.0.0,cool hyacinth crown,cool hyacinth crown,Bunthyazinthenkrone,guirnalda jacinto refinada,tiara jacintos atrevida,coiffe jacinthes raffinée,coiffe jacinthes raffinée,corona di giacinti spavalda,toffe hyacintenkroon,清新风信子花冠,清新風信子花冠,ヒヤシンスのかんむり・クール,쿨 히아신스 화관,яркий венок из гиацинтов
554,1.0.0,purple hyacinth crown,purple hyacinth crown,Purpurhyazinthenkrone,guirnalda jacinto violeta,tiara jacintos morados,coiffe jacinthes mauves,coiffe jacinthes mauves,corona di giacinti viola,paarse-hyacintenkroon,紫色风信子花冠,紫色風信子花冠,ヒヤシンスのかんむり・パープル,퍼플 히아신스 화관,фиол. венок из гиацинтов
555,1.0.0,windflower crown,windflower crown,Anemonenkrone,guirnalda anémona,tiara anémonas,coiffe anémones,coiffe anémones,corona di anemoni,anemonenkroon,银莲花花冠,銀蓮花花冠,アネモネのかんむり,아네모네 화관,венок из ветрениц
556,1.0.0,cool windflower crown,cool windflower crown,Buntanemonenkrone,guirnalda anémona refinada,tiara anémonas atrevida,coiffe anémones raffinée,coiffe anémones raffinée,corona di anemoni spavalda,toffe anemonenkroon,清新银莲花花冠,清新銀蓮花花冠,アネモネのかんむり・クール,쿨 아네모네 화관,яркий венок из ветрениц
557,1.0.0,purple windflower crown,purple windflower crown,Purpuranemonenkrone,guirnalda anémona violeta,tiara anémonas moradas,coiffe anémones mauves,coiffe anémones mauves,corona di anemoni viola,paarse-anemonenkroon,紫色银莲花花冠,紫色銀蓮花花冠,アネモネのかんむり・パープル,퍼플 아네모네 화관,фиол. венок из ветрениц
558,1.0.0,tulip crown,tulip crown,Tulpenkrone,guirnalda tulipán,tiara tulipanes,coiffe tulipes,coiffe tulipes,corona di tulipani,tulpenkroon,郁金香花冠,鬱金香花冠,チューリップのかんむり,튤립 화관,венок из тюльпанов
559,1.0.0,chic tulip crown,chic tulip crown,Edeltulpenkrone,guirnalda tulipán chic,tiara tulipanes chic,coiffe tulipes chic,coiffe tulipes chic,corona di tulipani chic,chique tulpenkroon,典雅郁金香花冠,典雅鬱金香花冠,チューリップのかんむり・シック,시크 튤립 화관,диво-венок из тюльпанов
560,1.0.0,dark tulip crown,dark tulip crown,Römertulpenkrone,guirnalda tulipán negro,tiara tulipanes gótica,coiffe tulipes sombre,coiffe tulipes sombre,corona di tulipani cupa,donkere-tulpenkroon,深色郁金香花冠,深色鬱金香花冠,チューリップのかんむり・ダーク,다크 튤립 화관,темн. венок из тюльпанов
561,1.0.0,pansy crown,pansy crown,Veilchenkrone,guirnalda viola,tiara violas,coiffe pensées,coiffe pensées,corona di viole,viooltjeskroon,三色堇花冠,三色堇花冠,パンジーのかんむり,팬지 화관,венок из фиалок
562,1.0.0,cool pansy crown,cool pansy crown,Buntveilchenkrone,guirnalda viola refinada,tiara violas atrevida,coiffe pensées raffinée,coiffe pensées raffinée,corona di viole spavalda,toffe viooltjeskroon,清新三色堇花冠,清新三色堇花冠,パンジーのかんむり・クール,쿨 팬지 화관,яркий венок из фиалок
563,1.0.0,purple pansy crown,purple pansy crown,Hainveilchenkrone,guirnalda viola violeta,tiara violas moradas,coiffe pensées mauves,coiffe pensées mauves,corona di viole viola,paarse-viooltjeskroon,紫色三色堇花冠,紫色三色堇花冠,パンジーのかんむり・パープル,퍼플 팬지 화관,фиол. венок из фиалок
564,1.0.0,cosmos crown,cosmos crown,Cosmeenkrone,guirnalda cosmos,tiara cosmos,coiffe cosmos,coiffe cosmos,corona di cosmee,cosmeakroon,波斯菊花冠,波斯菊花冠,コスモスのかんむり,코스모스 화관,венок из космей
565,1.0.0,lovely cosmos crown,lovely cosmos crown,Buntcosmeenkrone,guirnalda cosmos adorable,tiara cosmos adorable,jolie coiffe cosmos,jolie coiffe cosmos,corona di cosmee graziosa,lieflijke cosmeakroon,甜美波斯菊花冠,甜美波斯菊花冠,コスモスのかんむり・ラブリー,러블리 코스모스 화관,чудный венок из космей
566,1.0.0,dark cosmos crown,dark cosmos crown,Schwarzcosmeenkrone,guirnalda cosmos negro,tiara cosmos gótica,coiffe cosmos sombre,coiffe cosmos sombre,corona di cosmee cupa,donkere-cosmeakroon,深色波斯菊花冠,深色波斯菊花冠,コスモスのかんむり・ダーク,다크 코스모스 화관,темн. венок из космей
567,1.0.0,rose crown,rose crown,Rosenkrone,guirnalda rosa,tiara rosas,coiffe roses,coiffe roses,corona di rose,rozenkroon,玫瑰花冠,玫瑰花冠,バラのかんむり,장미 화관,венок из роз
568,1.0.0,cute rose crown,cute rose crown,Buntrosenkrone,guirnalda rosa adorable,tiara rosas adorable,jolie coiffe roses,jolie coiffe roses,corona di rose graziosa,schattige rozenkroon,可爱玫瑰花冠,可愛玫瑰花冠,バラのかんむり・キュート,큐트 장미 화관,милый венок из роз
569,1.0.0,chic rose crown,chic rose crown,Edelrosenkrone,guirnalda rosa oscura,tiara rosas oscuras,coiffe roses chic,coiffe roses chic,corona di rose chic,chique rozenkroon,典雅玫瑰花冠,典雅玫瑰花冠,バラのかんむり・シック,시크 장미 화관,диво-венок из роз
570,1.0.0,lily crown,lily crown,Lilienkrone,guirnalda lirio,tiara lirios,coiffe lys,coiffe lys,corona di gigli,leliekroon,百合花冠,百合花冠,ユリのかんむり,백합 화관,венок из лилий
571,1.0.0,cute lily crown,cute lily crown,Buntlilienkrone,guirnalda lirio adorable,tiara lirios adorable,jolie coiffe lys,jolie coiffe lys,corona di gigli graziosa,schattige leliekroon,可爱百合花冠,可愛百合花冠,ユリのかんむり・キュート,큐트 백합 화관,диво-венок из лилий
572,1.0.0,dark lily crown,dark lily crown,Dunkellilienkrone,guirnalda lirio negro,tiara lirios gótica,coiffe lys sombre,coiffe lys sombre,corona di gigli cupa,donkere-leliekroon,深色百合花冠,深色百合花冠,ユリのかんむり・ダーク,다크 백합 화관,темный венок из лилий
573,1.0.0,mum crown,mum crown,Chrysanthemenkrone,guirnalda crisantemo,tiara crisantemos,coiffe chrysanthèmes,coiffe chrysanthèmes,corona di crisantemi,chrysantenkroon,菊花花冠,菊花花冠,キクのかんむり,국화 화관,фиол. венок из хризантем
574,1.0.0,chic mum crown,chic mum crown,Edelchrysanthemenkrone,guirnalda crisantemo chic,tiara crisantemos chic,coiffe chrysanth. chic,coiffe chrysanth. chic,corona di crisantemi chic,chique chrysantenkroon,典雅菊花花冠,典雅菊花花冠,キクのかんむり・シック,시크 국화 화관,диво-венок из хризантем
575,1.0.0,simple mum crown,simple mum crown,Grünchrysanthemenkrone,guirnalda crisantemo verde,tiara crisantemos verdes,coiffe chrysanth. simple,coiffe chrysanth. simple,corona crisantemi semplice,simpele chrysantenkroon,简约菊花花冠,簡約菊花花冠,キクのかんむり・シンプル,심플 국화 화관,веночек из хризантем
579,1.0.0,mesh cap,mesh cap,Truckerkappe,gorra con malla,gorra de red,casquette voilage filet,casquette voilage filet,berretto con visiera,truckerspet,网帽,網帽,メッシュキャップ,망사 모자,кепка с сеточкой
580,1.0.0,top hat,top hat,Zylinder,sombrero de copa,sombrero de copa,haut-de-forme,haut-de-forme,cilindro,hoge hoed,丝质礼帽,絲質禮帽,シルクハット,실크해트,цилиндр
587,1.0.0,explorer's hat,explorer's hat,Safarihut,sombrero de exploración,sombrero de exploración,chapeau aventure,chapeau aventure,cappello da esploratore,ontdekkingsreizigershoed,探险帽,探險帽,たんけんぼう,탐험 모자,шляпа исследователя
588,1.0.0,scholar's hat,scholar's hat,Abschlusshut,birrete de graduación,birrete de graduación,chapeau diplôme,mortier de finissant,cappello da laurea,afstudeerhoed,学士帽,學士帽,がくしのぼうし,학사모,шапка магистра
589,1.0.0,sombrero,sombrero,Sombrero,sombrero cuate,sombrero de palma,sombrero,sombrero,sombrero,sombrero,墨西哥草帽,墨西哥草帽,ソンブレロ,솜브레로,сомбреро
590,1.0.0,safety helmet,safety helmet,Baustellenhelm,casco de obra,casco de obra,casque de chantier,casque de chantier,elmetto protettivo,veiligheidshelm,安全帽,安全帽,あんぜんヘルメット,안전모,каска строителя
591,1.0.0,chef's hat,chef's hat,Kochmütze,gorro de chef,gorro de chef,toque,toque,cappello da cuoco,koksmuts,厨师帽,廚師帽,コックさんのぼうし,요리사 모자,колпак повара
592,1.0.0,police cap,police cap,Polizeimütze,gorra de policía,gorra de policía,casquette de police,casquette de police,cappello da poliziotto,politiepet,警官帽,警官帽,けいかんのぼうし,경찰모,фуражка полицейского
594,1.0.0,bamboo hat,bamboo hat,Bambushut,gorro de bambú cónico,gorro de bambú cónico,nón lá,nón lá,cappello di bambù,bamboehoed,斗笠,斗笠,かさぼうし,삼각 삿갓,бамбуковая шапочка
595,1.0.0,faux-fur hat,faux-fur hat,Kunstfellhut,gorro de pelo sintético,gorro de piel sintética,bonnet en fausse fourrure,bonnet en fausse fourrure,cappello di ecopelliccia,muts van imitatiebont,仿毛皮帽,仿毛皮帽,フェイクファーハット,인조털 모자,шапка «под мех»
596,1.0.0,do-rag,do-rag,Bandana,pañuelo anudado,pañuelo anudado,bandana triangle,bandana triangle,bandana a quadri,Japanse hoofddoek,三角巾,三角巾,さんかくきん,삼각 두건,косынка
597,1.0.0,knit hat,knit hat,Strickmütze,gorro de punto,gorro tejido,bonnet tricoté,tuque,cappello di maglia,gebreide muts,针织帽,針織帽,ニットキャップ,니트캡,вязаная шапочка
598,1.0.0,paperboy cap,paperboy cap,Botenmütze,gorra de granujilla,gorra travesura,casquette de livreur,casquette de livreur,coppola,golfpet,狩猎帽,狩獵帽,ハンチング,헌팅캡,кепка газетчика
599,1.0.0,plain cap,plain cap,Schirmmütze,gorra sencilla,gorra sencilla,casquette militaire,casquette,berretto militare,eenvoudige pet,军帽,軍帽,ワークキャップ,워크캡,простая кепка
617,1.0.0,sailor's hat,sailor's hat,Matrosenmütze,gorro marinero,gorro marinero,bonnet marin,bonnet de matelot,cappello da marinaio,matrozenpet,水手帽,水手帽,ふなのりのぼうし,선원 모자,шапочка моряка
618,1.0.0,viking helmet,viking helmet,Wikingerhelm,casco vikingo,casco vikingo,casque viking,casque viking,elmo vichingo,Vikinghelm,维京人头盔,維京人頭盔,バイキングのかぶと,바이킹 투구,шлем викинга
631,1.0.0,mage's hat,mage's hat,Hexenhut,sombrero de hechicería,sombrero de hechicería,chapeau de sorcellerie,chapeau de sorcellerie,cappello da strega,heksenhoed,魔女帽,魔女帽,まじょのぼうし,마술사 모자,чародейская шляпа
632,1.0.0,denim cap,denim cap,Jeans-Kappe,gorra vaquera,gorra de jean,casquette en jean,casquette en jean,cappellino di jeans,denim pet,牛仔布帽,牛仔布帽,デニムキャップ,데님 야구 모자,джинсовая кепка
633,1.0.0,cycling cap,cycling cap,Radlermütze,gorra de ciclista,gorra de ciclista,casquette cycliste,casquette cycliste,cappellino da ciclista,wielrennerspet,骑行帽,單車帽,サイクルキャップ,사이클 야구 모자,велосипедная кепка
634,1.0.0,outdoor hat,outdoor hat,Outdoor-Hut,sombrero de paseo,sombrero de paseo,chapeau de randonnée,chapeau de randonnée,cappello parasole,kampeerhoed,户外登山帽,戶外登山帽,アウトドアハット,아웃도어 모자,походная шляпа
635,1.0.0,straw boater,straw boater,Kreissäge,canotier,canotier,canotier,canotier,paglietta,gondeliershoed,平顶草帽,平頂草帽,カンカンぼう,캉캉 모자,шляпка канотье
636,1.0.0,beret,beret,Barett,boina,boina,béret,béret,basco,baret,贝雷帽,貝雷帽,ベレーぼう,베레모,берет
637,1.0.0,orange hat,orange hat,Orangenhut,gorro naranja,gorro naranja,chapeau orange,chapeau orange,cappello arancia,sinaasappelmuts,橘子帽子,夏蜜柑帽子,オレンジのぼうし,귤 모자,шапка-апельсин
638,1.0.0,kiwi hat,kiwi hat,Kiwihut,gorro kiwi,gorro kiwi,chapeau kiwi,chapeau kiwi,cappello kiwi,kiwimuts,奇异果帽子,奇異果帽子,キウイのぼうし,키위 모자,шапка-киви
639,1.0.0,strawberry hat,strawberry hat,Erdbeerhut,gorro fresa,gorro fresa,chapeau fraise,chapeau fraise,cappello fragola,aardbeimuts,草莓帽子,草莓帽子,いちごのぼうし,딸기 모자,шапка-клубника
640,1.0.0,grape hat,grape hat,Traubenhut,gorro uva,gorro uva,chapeau raisin,chapeau raisin,cappello uva,druivenmuts,葡萄帽子,葡萄帽子,ぶどうのぼうし,포도 모자,шапка-виноград
641,1.0.0,pineapple cap,pineapple cap,Ananashut,gorro piña,gorro piña,chapeau ananas,chapeau ananas,cappello ananas,ananasmuts,凤梨帽子,鳳梨帽子,パイナップルのぼうし,파인애플 모자,шапка «Ананас»
642,1.0.0,watermelon hat,watermelon hat,Melonenhut,gorro sandía,gorro sandía,chapeau pastèque,chapeau melon d'eau,cappello anguria,watermeloenmuts,西瓜帽子,西瓜帽子,スイカのぼうし,수박 모자,шапка-арбуз
644,1.0.0,sushi chef hat,sushi chef hat,Sushikochmütze,gorro chef de sushi,gorro chef de sushi,toque de chef sushi,toque de chef sushi,cappello da chef di sushi,sushikoksmuts,日本料理厨师帽,日本料理廚師帽,わぼうし,일식 요리사 모자,шапочка мастера суши
645,1.0.0,bicycle helmet,bicycle helmet,Fahrradhelm,casco de ciclista,casco de ciclista,casque de vélo,casque de vélo,casco da ciclista,fietshelm,单车头盔,單車安全帽,サイクルヘルメット,자전거 헬멧,велосипедный шлем
646,1.0.0,swimming cap,swimming cap,Schwimmkappe,gorro de natación,gorro de natación,bonnet de natation,casque de bain,cuffia da nuoto,badmuts,泳帽,泳帽,すいえいキャップ,수영 모자,шапочка для плавания
647,1.0.0,silk hat,silk hat,Asia-Mütze,gorro de seda,gorro de seda,chapeau en soie,chapeau en soie,cappello di seta,zijden muts,唐装帽,唐裝帽,チャイナハット,중국풍 모자,шелковая шапочка
656,1.0.0,tulip hat,tulip hat,Tulpenhut,gorro tulipán,gorro tulipán,chapeau tulipe,chapeau tulipe,cappello tulipano,tulphoed,郁金香帽,花瓣帽,チューリップハット,튤립 모자,панама-колокольчик
657,1.0.0,paisley bandanna,paisley bandanna,Paisleymuster-Bandana,pañuelo de cachemira,pañuelo de cachemira,bandana paisley,bandana paisley,bandana con motivo paisley,paisleybandana,变形虫图腾头巾,變形蟲圖騰頭巾,ペイズリーのバンダナ,페이즐리 반다나,бандана с узором пейсли
658,1.0.0,alpinist hat,alpinist hat,Gebirgshut,sombrero tirolés,sombrero tirolés,chapeau tyrolien,chapeau tyrolien,cappello tirolese,tirolerhoed,提洛尔帽子,提洛爾帽子,チロリアンハット,알프스풍 모자,горная шляпа
659,1.0.0,bowler hat with ribbon,bowler hat with ribbon,Schleifchen-Melone,bombín con lazo,bombín con lazo,chapeau melon à ruban,chapeau melon à ruban,bombetta con fiocco,bolhoed met lint,蝴蝶结圆顶硬礼帽,蝴蝶結圓頂硬禮帽,リボンボーラーハット,리본 페도라,котелок с лентой
660,1.0.0,wide-brim straw hat,wide-brim straw hat,Florentinerhut,pamela de paja,sombrero de paja amplio,chapeau de paille large,chapeau de paille large,cappello di paglia largo,strohoed met brede rand,宽边草帽,寬邊草帽,つばひろストローハット,챙 넓은 밀짚모자,широкополая «соломка»
661,1.0.0,dotted shower cap,dotted shower cap,Pünktchenduschhaube,gorro de ducha a lunares,gorra de ducha a lunares,bonnet de douche à pois,bonnet de douche à pois,cuffia da doccia a pois,douchemuts met stippen,圆点浴帽,圓點浴帽,みずたまシャワーキャップ,물방울 샤워캡,чепец для душа в горошек
662,1.0.0,fedora,fedora,Filzhut,fedora,fedora,borsalino,borsalino,borsalino,gleufhoed,绅士帽,紳士帽,なかおれハット,페도라,фетровая шляпа
663,1.0.0,frugal hat,frugal hat,Lumpenhut,sombrero roñoso,sombrero roñoso,chapeau rapiécé,chapeau rapiécé,cappello modesto,opgelapte hoed,简朴帽子,簡樸帽子,しっそなぼうし,누더기 모자,рваная шляпа
664,1.0.0,sports cap,sports cap,Sportkappe,gorra deportiva,gorra deportiva,casquette de sport,casquette de sport,cappellino sportivo,sportieve pet,运动帽,運動帽,うんどうぼう,운동 모자,спортивная кепка
665,1.0.0,terry-cloth nightcap,terry-cloth nightcap,Frottee-Nachtmütze,gorro de dormir,gorro de dormir,bonnet de nuit tissu éponge,bonnet nuit tissu éponge,berretto di spugna,badstoffen slaapmuts,毛绒睡帽,毛絨睡帽,もこもこナイトキャップ,복슬복슬 나이트캡,махровый ночн. колпак
667,1.0.0,royal crown,royal crown,Königskrone,corona imperial,corona imperial,couronne royale,couronne royale,corona reale,koninklijke kroon,王冠,王冠,おうかん,왕관,королевская корона
669,1.0.0,terry-cloth do-rag,terry-cloth do-rag,Handtuch,pañuelo felpa,pañuelo felpa,bandana simple,bandana simple,cappello di spugna,badstoffen durag,毛巾帽,毛巾帽,タオル,수건,махровая повязка
670,1.0.0,acorn knit cap,acorn knit cap,Eichelstrickmütze,gorro bellota,gorro bellota,bonnet gland tricoté,bonnet gland tricoté,cappellino ghianda di lana,gebreide eikelmuts,尖顶针织帽,尖頂針織帽,どんぐりニット,도토리 털모자,вязаная шапка-желудь
671,1.0.0,combat helmet,combat helmet,Soldatenhelm,casco de soldado,casco de soldado,casque lourd,casque de soldat,elmetto,gevechtshelm,钢盔,鋼盔,コンバットヘルメット,철모,военная каска
681,1.0.0,shallow knit cap,shallow knit cap,Ministrickmütze,minigorro de punto,minigorro tejido,mini bonnet tricoté,mini bonnet tricoté,cappellino basso di lana,korte muts,短版针织帽,短版針織帽,あさいニットぼう,얇은 털모자,вязаная мини-шапочка
684,1.0.0,captain's hat,captain's hat,Kapitänsmütze,gorra de capitán,gorra de capitán,casquette de capitaine,casquette capitaine,cappello da capitano,kapiteinspet,船长帽子,船長帽子,キャプテンのぼうし,캡틴 모자,фуражка капитана
685,1.0.0,dandy hat,dandy hat,Dandymütze,gorra elegante,gorra elegante,casquette de dandy,casquette de dandy,berretto da dandy,krantenjongenspet,报童帽,報童帽,キャスケット,카스케트,стильная кепка
688,1.0.0,wizard's cap,wizard's cap,Zauberhut,gorro mago,gorro mago,chapeau de magicien,chapeau de magicien,cappello da mago,tovenaarshoed,尖头帽,尖頭帽,とんがりぼうし,마법사 모자,колпак волшебника
689,1.0.0,balloon hat,balloon hat,Ballonhut,sombrero de globos,sombrero de globos,chapeau ballons,chapeau ballons,cappello di palloncini,ballonnenhoed,气球帽,氣球帽,バルーンハット,풍선 모자,шляпа из шариков
696,1.0.0,elegant hat,elegant hat,Schmuckhut,pamela elegante,pamela elegante,chapeau classe,chapeau élégant,cappello elegante,elegante hoed,优雅帽子,優雅帽子,エレガントなぼうし,엘레강스 모자,элегантная шляпа
701,1.0.0,jester's cap,jester's cap,Narrenkappe,gorro de bufón,gorro de bufón,chapeau de bouffon,chapeau de bouffon,cappello da giullare,narrenmuts,小丑帽子,小丑帽子,ピエロのぼうし,피에로 모자,колпак шута
710,1.0.0,jockey's helmet,jockey's helmet,Jockeyhelm,casco de jinete,casco de jinete,casque de jockey,casque de jockey,casco da fantino,jockeyhelm,马术头盔,馬術安全帽,ジョッキーヘルメット,기수 헬멧,шлем жокея
714,1.0.0,detective hat,detective hat,Detektivhut,gorra de detective,gorra de detective,casquette de détective,casquette détective,cappello da detective,detectivepet,名侦探帽,名偵探帽,めいたんていのぼうし,명탐정 모자,кепка детектива
719,1.0.0,straw hat,straw hat,Strohhut,sombrero de paja,sombrero de paja,chapeau de paille,chapeau de paille,cappello di paglia,strohoed,草帽,草帽,むぎわらぼうし,밀짚모자,соломенная шляпка
720,1.0.0,outback hat,outback hat,Western-Hut,sombrero austral,sombrero austral,feutre,feutre,cappello australiano,westernhoed,牛仔帽,牛仔帽,テンガロンハット,카우보이 모자,австралийская шляпа
724,1.0.0,snowy knit cap,snowy knit cap,Schneeflockenmütze,gorro de punto copos,gorro tejido copos,bonnet d'hiver tricoté,bonnet d'hiver tricoté,cappellino nevoso di lana,gebreide wintermuts,雪花针织帽,下雪針織帽,スノーニットぼう,스노 털모자,шапка со снежинками
725,1.0.0,colorful striped knit cap,colorful striped knit cap,Ringelpudelmütze,gorro de punto colorido,gorro tejido colorido,bonnet tricoté bariolé,bonnet tricoté bariolé,cappellino colorato di lana,kleurrijke gebreide muts,彩色波浪纹针织帽,彩色粗橫紋針織帽,カラフルボーダーニットぼう,컬러풀 줄무늬 털모자,пестрая шапка в полоску
751,1.0.0,imitation cow skull,imitation cow skull,Kuhschädelhelm,casco con cuernos,casco con cuernos,casque préhistorique,casque préhistorique,teschio di mucca,imitatiekoeienschedel,牛骨帽,牛骨帽,うしのほね,황소 두개골,муляж коровьего черепа
803,1.0.0,eggshell,eggshell,Eischalen-Hut,cáscara de huevo,cáscara de huevo,coquille d'œuf,coquille d'œuf,guscio d'uovo,eierschaal,蛋壳,蛋殼,たまごのから,달걀 껍질,скорлупа
816,1.0.0,cavalier hat,cavalier hat,Edelmann-Hut,sombrero mosquetero,sombrero mosquetero,chapeau de mousquetaire,chapeau de mousquetaire,cappello da moschettiere,musketiershoed,骑士帽,騎士帽,じゅうきしのぼうし,기사 모자,шляпа кавалериста
910,1.0.0,New Year's silk hat,New Year's silk hat,Neujahrszylinder,gorro de Año Nuevo chic,gorro de Año Nuevo chic,haut-de-forme nouvel an,haut-de-forme Nouvel An,cilindro di Capodanno,zijden nieuwjaarshoed,新年丝质礼帽,新年絲質禮帽,ニューイヤーシルクハット,새해 실크해트,новогодний цилиндр
929,1.0.0,ancient administrator hat,ancient administrator hat,Wushamao,gorro gestión imperial,gorro gestión imperial,chapeau Wu Sha,chapeau Wu Sha,cappello imperiale,oosterse hoed,乌纱帽,官帽,かんぼう,관모,древняя шапка мандарина
930,1.0.0,glengarry,glengarry,Schotten-Schiffchen,boina glengarry,boina glengarry,glengarry,glengarry,berretto scozzese,glengarry,黑卫士兵团帽,黑衛士兵團帽,グレンガリーぼう,글렌개리,гленгарри
935,1.0.0,pom casquette,pom casquette,Bommelhut,gorra con pompón,gorra con pompón,casquette à pompon,casquette à pompon,berretto con pon-pon,muts met klep en pompon,毛球报童帽,毛球報童帽,ボンボンつきキャスケット,폼폼 카스케트,теплая каскетка
936,1.0.0,tam-o'-shanter,tam-o'-shanter,Schottenmütze,boina escocesa,boina escocesa,béret écossais,tourmaline,basco scozzese,Schotse baret,苏格兰帽,蘇格蘭帽,スコットランドぼうし,스코틀랜드 모자,тэм-о-шентер
942,1.0.0,ribbon,ribbon,Schleifchen,lazo,lazo,nœud à cheveux,nœud à cheveux,fiocco,strikje,蝴蝶结,蝴蝶結,リボン,리본,бантик
949,1.0.0,halo,halo,Lichtkranz,halo,halo,auréole,auréole,aureola,aureool,天使光环,天使光環,てんしのわ,천사 링,нимб
950,1.0.0,nurse's cap,nurse's cap,Schwesternhaube,cofia enfermera,cofia enfermera,coiffe d'infirmière,coiffe d'infirmière,cuffia da infermiera,verpleegsterskapje,护士帽,護士帽,ナースキャップ,간호사 모자,шапочка медсестры
951,1.0.0,soft-serve hat,soft-serve hat,Softeis-Hut,gorro helado cremoso,gorro helado cremoso,chapeau glace italienne,chapeau glace italienne,cappello gelato,softijshoed,霜淇淋帽,霜淇淋帽,ソフトクリームなぼうし,소프트아이스크림 모자,шапочка-мороженое
952,1.0.0,bunny ears,bunny ears,Hasenohren-Haarreif,diadema orejitas de conejo,diadema orejitas de conejo,serre-tête oreilles de lapin,serre-tête oreilles de lapin,cerchietto da coniglio,konijnenoren,兔子耳朵,兔子耳朵,バニーのみみ,토끼 귀,заячьи ушки
953,1.0.0,straw umbrella hat,straw umbrella hat,Flach-Reishut,gorro de paja achatado,gorro de paja achatado,chapeau de bambou,chapeau de bambou,cappello di paglia orientale,ronde strohoed,三度笠,三度笠,さんどがさ,삿갓,соломенная шляпа-зонт
954,1.0.0,ribboned straw hat,ribboned straw hat,Mini-Strohhut,sombrero con lazo,sombrero con lazo,chapeau paille ruban,chapeau paille ruban,cappello di paglia e nastro,strohoed met lint,小帽子,小帽子,ちいさめなぼうし,작은 모자,плетеная шляпка с лентой
955,1.0.0,small silk hat,small silk hat,Mini-Seidenhut,minichistera,minichistera,chapeau de cavalière,chapeau de cavalière,cappello di seta piccolo,zijden hoedje,丝质小礼帽,絲質小禮帽,ちいさめシルクハット,작은 실크해트,шелковый мини-цилиндр
959,1.0.0,blue rose crown,blue rose crown,Blaurosenkrone,guirnalda rosa azul,tiara rosas azules,coiffe roses bleues,coiffe roses bleues,corona di rose blu,blauwe-rozenkroon,蓝色玫瑰花冠,藍色玫瑰花冠,バラのかんむり・ブルー,블루 장미 화관,синий венок из роз
960,1.0.0,gold rose crown,gold rose crown,Goldrosenkrone,guirnalda rosa dorada,tiara rosas doradas,coiffe roses dorées,coiffe roses dorées,corona di rose d'oro,gouden rozenkroon,金色玫瑰花冠,金色玫瑰花冠,バラのかんむり・ゴールド,골드 장미 화관,золотой венок из роз
961,1.0.0,tiara,tiara,Diadem,tiara,tiara,tiare,tiare,tiara,tiara,皇冠,頭冠,ティアラ,티아라,диадема
1014,1.0.0,crown,crown,Königinnenkrone,corona real,corona real,couronne,couronne,corona,kroon,后冠,后冠,クイーンのかんむり,여왕 왕관,корона
1041,1.0.0,zen hair clip,zen hair clip,Blumenhaarnadel,horquilla oriental,horquilla oriental,barrette zen,barrette zen,fermacapelli floreale,zenhaarspeld,花朵头饰,稻草圈裝飾,わかざり,꽃 머리장식,заколка-дзен
1042,1.0.0,flashy hairpin,flashy hairpin,Blumenspange,horquilla flor,horquilla flor,épingle luxueuse,épingle luxueuse,fermaglio floreale,opvallende haarspeld,华丽头饰,鮮艷髮飾,はでなかみかざり,화려한 머리핀,броская заколка
1043,1.0.0,pilot's hat,pilot's hat,Pilotenmütze,gorra de piloto,gorra de piloto,chapeau de capitaine,chapeau de capitaine,cappello da pilota,pilotenpet,机长帽,機長帽子,きちょうのぼうし,기장 모자,фуражка пилота
1044,1.0.0,student cap,student cap,Schülermütze,gorra escolar,gorra escolar,chapeau d'élève,chapeau d'élève,cappello da studente,postbodepet,学生帽,學生帽,がくせいぼう,학생모,кепка студента
1045,1.0.0,hibiscus hairpin,hibiscus hairpin,Hibiskus-Haarspange,horquilla hibisco,horquilla hibisco,épingle hibiscus,épingle hibiscus,molletta ibisco,hibiscushaarspeld,扶桑花头饰,扶桑花髮飾,ハイビスカスのかみかざり,히비스커스 머리핀,заколка-гибискус
1061,1.0.0,baseball cap,baseball cap,Baseballkappe,gorra de béisbol,gorra de béisbol,casquette de base-ball,casquette de baseball,cappellino da baseball,honkbalpet,棒球帽,棒球帽,ベースボールキャップ,야구 모자,бейсболка
1065,1.0.0,tweed cap,tweed cap,Tweedmütze,gorra de tweed,gorra de tweed,casquette en tweed,casquette en tweed,berretto di tweed,tweedpet,粗花呢帽,斜紋軟呢帽,ツイードキャップ,트위드 모자,твидовая кепка
1105,1.0.0,floral hairpin,floral hairpin,Blumenhaarspange,clip flor,clip flor,épingle fleurie,épingle fleurie,molletta floreale,bloemenhaarspeld,花朵发夹,花朵髮夾,おはなのヘアピン,꽃 머리핀,шпилька с цветком
1106,1.0.0,heart hairpin,heart hairpin,Herzhaarnadel,clip corazón,clip corazón,épingle cœur,épingle cœur,molletta cuore,hartenhaarspeld,爱心发夹,愛心髮飾,ハートのかみかざり,하트 머리핀,шпилька с сердечком
1107,1.0.0,star hairpin,star hairpin,Sternhaarnadel,clip estrella,clip estrella,épingle étoile,épingle étoile,molletta stella,sterrenhaarspeld,星星发夹,星星髮飾,ほしのかみかざり,별 머리핀,шпилька со звездой
1111,1.0.0,barrette,barrette,Haarspange,pasador,pasador,barrette,barrette,barretta per capelli,haarspeldje,发夹,髮夾,バレッタ,바레트,цветочная заколка
1112,1.0.0,giant ribbon,giant ribbon,Riesenschleifchen,maxilazo,maxilazo,ruban géant,ruban géant,fiocco gigante,grote strik,大蝴蝶结,大蝴蝶結,おおきなリボン,커다란 리본,огромный бант
1114,1.0.0,skateboarding helmet,skateboarding helmet,Skateboard-Helm,casco para patinete,casco de skateboard,casque de skateboard,casque de skateboard,casco da skateboard,skatehelm,滑板头盔,滑板安全帽,スケボーヘルメット,스케이트 보드 헬멧,шлем для скейтбординга
1115,1.0.0,Aran-knit cap,Aran-knit cap,Aranmustermütze,gorro de punto trenzado,gorro tejido trenzado,bonnet tricoté Aran,bonnet tricoté Aran,berretto Aran,Aran-muts,手编阿伦花样针织帽,手編阿倫花樣針織帽,アランニットぼう,아란 니트 모자,шапка аранской вязки
1117,1.0.0,lettered cap,lettered cap,Schriftzug-Mütze,gorra serigrafiada,gorra serigrafiada,casquette à message,casquette à message,cappello con scritta,pet met tekst,文字帽,文字帽,もじキャップ,글자 모자,кепка с текстом
1119,1.0.0,ribboned garden hat,ribboned garden hat,Schleifchen-Strohhut,sombrero de paja con lazo,sombrero de paja con lazo,chapeau de jardin à ruban,chapeau de jardin à ruban,paglietta con nastrino,tuinhoed met strik,带蝴蝶结草帽,蝴蝶結草帽,リボンつきむぎわらぼうし,리본 밀짚모자,летняя шляпа с лентой
1121,1.0.0,patchwork tulip hat,patchwork tulip hat,Patchwork-Sommerhut,gorro de patchwork,gorro de retazos,chapeau tulipe patchwork,chapeau tulipe patchwork,cappello tulipano patchwork,patchworkhoed,拼布郁金香帽,拼布鬱金香帽,パッチワークのチューリップぼう,패치워크 튤립 모자,панама из пэтчворка
1122,1.0.0,apple hat,apple hat,Apfelhut,gorro manzana,gorro manzana,chapeau pomme,chapeau pomme,berretto mela,appelmuts,苹果帽子,蘋果帽子,リンゴのぼうし,사과 모자,шапка-яблоко
1123,1.0.0,pear hat,pear hat,Birnenhut,gorro pera,gorro pera,chapeau poire,chapeau poire,berretto pera,perenmuts,梨子帽子,梨子帽子,ナシのぼうし,배 모자,шапка-груша
1124,1.0.0,cherry hat,cherry hat,Kirschhut,gorro cerezas,gorro cerezas,chapeau cerise,chapeau cerise,berretto ciliegia,kersenmuts,樱桃帽子,櫻桃帽子,さくらんぼのぼうし,체리 모자,шапка-вишня
1125,1.0.0,peach hat,peach hat,Pfirsichhut,gorro melocotón,gorro durazno,chapeau pêche,chapeau pêche,berretto pesca,perzikmuts,桃子帽子,桃子帽子,モモのぼうし,복숭아 모자,шапка-персик
1131,1.0.0,Labelle cap,Labelle cap,Samthea-Mütze,gorra Trini,gorra Trini,casquette Maria,casquette Maria,berretto Bice,Labelle-pet,凯丝的棒球帽,凱絲鴨舌帽,ケイトのキャップ,케이트의 야구 모자,кепка «Лэйблеск»
1132,1.0.0,Labelle hat,Labelle hat,Samthea-Hut,pamela Trini,sombrero Trini,chapeau Maria,chapeau Maria,cappello Bice,Labelle-hoed,凯丝的帽子,凱絲帽子,ケイトのぼうし,케이트의 모자,шляпа «Лэйблеск»
1142,1.0.0,Nook Inc. cap,Nook Inc. cap,Nook-Inc.-Kappe,gorra de Nook Inc.,gorra de Nook Inc.,casquette Nook Inc.,casquette Nook Inc.,cappello Nook Inc.,Nook Inc.-pet,Nook Inc.帽子,Nook Inc.帽,たぬきかいはつキャップ,Nook Inc. 야구 모자,кепка Nook Inc.
1143,1.0.0,Nook Inc. bandanna,Nook Inc. bandanna,Nook-Inc.-Kopftuch,pañuelo de Nook Inc.,pañuelo de Nook Inc.,bandana Nook Inc.,bandana Nook Inc.,bandana Nook Inc.,Nook Inc.-bandana,Nook Inc.头巾,Nook Inc.頭巾,たぬきかいはつバンダナ,Nook Inc. 반다나,бандана Nook Inc.
1147,1.0.0,rain hat,rain hat,Regen-Schülerhut,gorro impermeable,gorro impermeable,chapeau de pluie,chapeau de pluie,cappello da pioggia,regenhoed,雨帽,雨衣帽,レインハット,우비 모자,дождевая шапка
1153,1.0.0,tropical hat,tropical hat,Ananas-Outdoor-Hut,sombrero aloha piñas,sombrero aloha piñas,chapeau tropical,chapeau tropical,cappello tropicale,ananas-hawaïhoed,凤梨图案户外帽,鳳梨圖案戶外帽,パインがらアウトドアハット,파인애플 아웃도어 모자,тропическая шляпа
1163,1.0.0,tubeteika,tubeteika,Tjubetejka,tubeteika,tubeteika,tubeteika,tubeteika,tubeteika,tubeteka,乌兹别克帽,烏茲別克帽子,ウズベクなぼうし,우즈베키스탄풍 모자,тюбетейка
1164,1.0.0,matanpushi,matanpushi,Matanpushi,matanpushi,matanpushi,matanpushi,matanpushi,matanpushi,matanpushi,阿伊努头巾,阿伊努族頭巾,マタンプシ,아이누족 두건,повязка айнов
1186,1.0.0,DAL cap,DAL cap,DAL-Kappe,gorra de DAL,gorra de DAL,casquette Dodo Airlines,casquette Dodo Airlines,cappello DAL,DAL-pet,DAL帽子,DAL帽,ＤＡＬキャップ,DAL 야구 모자,кепка DAL
1192,1.1.0,OK Motors cap,OK Motors cap,OK-Motors-Mütze,gorra de OK Motors,gorra de OK Motors,casquette OK Motors,casquette OK Motors,cappello OK Motors,OK Motors-pet,OK车业帽,OK車業帽,OKモータースのキャップ,OK 모터즈 캡,кепка OK Motors
1195,1.1.0,earth-egg shell,earth-egg shell,Erd-Eierschale,cáscara de huevo terrestre,cáscara de huevo terrestre,coquille d'œuf terrestre,coquille d'œuf terrestre,guscio d'uovo terrestre,aarde-eierschaal,地面蛋壳,地面蛋殼,じめんのたまごのから,땅 달걀 껍질,скорлупа земляного яйца
1196,1.1.0,stone-egg shell,stone-egg shell,Fels-Eierschale,cáscara de huevo rupestre,cáscara de huevo rupestre,coquille d'œuf minéral,coquille d'œuf minéral,guscio d'uovo roccioso,steeneierschaal,岩石蛋壳,岩石蛋殼,いわのたまごのから,바위 달걀 껍질,скорлупа каменного яйца
1197,1.1.0,leaf-egg shell,leaf-egg shell,Laub-Eierschale,cáscara de huevo boscoso,cáscara de huevo boscoso,coquille d'œuf feuillu,coquille d'œuf feuillu,guscio d'uovo frondoso,bladeierschaal,叶子蛋壳,葉子蛋殼,はっぱのたまごのから,나뭇잎 달걀 껍질,скорлупа листвен. яйца
1198,1.1.0,wood-egg shell,wood-egg shell,Holz-Eierschale,cáscara de huevo leñoso,cáscara de huevo leñoso,coquille d'œuf boisé,coquille d'œuf boisé,guscio d'uovo boscoso,houteierschaal,森林蛋壳,森林蛋殼,ウッディなたまごのから,나무 달걀 껍질,скорлупа лесного яйца
1199,1.1.0,sky-egg shell,sky-egg shell,Luft-Eierschale,cáscara de huevo celeste,cáscara de huevo celeste,coquille d'œuf aérien,coquille d'œuf aérien,guscio d'uovo celeste,luchteierschaal,飞天蛋壳,飛天蛋殼,そらとぶたまごのから,하늘을 나는 달걀 껍질,скорлупа небесного яйца
1200,1.0.0,water-egg shell,water-egg shell,Wasser-Eierschale,cáscara de huevo acuático,cáscara de huevo acuático,coquille d'œuf aquatique,coquille d'œuf aquatique,guscio d'uovo acquatico,watereierschaal,鱼儿蛋壳,魚兒蛋殼,サカナのたまごのから,물고기 달걀 껍질,скорлупа водяного яйца
1201,1.1.0,Bunny Day crown,Bunny Day crown,Häschentag-Krone,guirnalda Caza del Huevo,tiara Caza del Huevo,coiffe fête des œufs,coiffe fête des œufs,corona caccia all'uovo,eierkroon,复活节花冠,復活節花冠,イースターなかんむり,이스터 화관,корона на День зайцев
1202,1.1.0,egg party hat,egg party hat,Glücksei-Partyhut,sombrero de fiesta huevo,sombrero de fiesta huevo,chapeau festif œuf,chapeau festif œuf,cappello uova da sera,eierfeesthoed,蛋派对帽,蛋派對帽,たまごのパーティーハット,달걀 파티 모자,шляпка на День зайцев
1221,1.2.0,handmade crown,handmade crown,Bastelkrone,corona hecha a mano,corona hecha a mano,coiffe bricolée,coiffe bricolée,corona fatta a mano,knutselkroon,手工王冠,手作王冠,てづくりのおうかん,수제 왕관,самодельная корона
1222,1.2.0,summer-solstice crown,summer-solstice crown,Sommersonnenwendekrone,corona de girasoles,tiara de girasoles,coiffe solstice d'été,coiffe solstice d'été,corona solstizio d'estate,midzomerbloemenkroon,夏至花冠,夏至花冠,げしさいのはなかんむり,하지 화관,корона к Празднику лета
674,1.0.0,headkerchief,headkerchief,Wanderkopftuch,pañuelo anudado en la nariz,pañuelo anudado en la nariz,foulard vert,foulard vert,fazzoletto giapponese,hoofddoek,小偷头巾,小偷頭巾,ほっかむり,뒤집어쓴 보자기,платок
675,1.0.0,fairy-tale hood,fairy-tale hood,Märchenkapuze,caperuza de cuento,caperuza de cuento,chaperon féerique,capuche de petit chaperon,cappuccio fiabesco,sprookjeskapje,童话风头巾,童話風頭巾,メルヘンなずきん,메르헨 두건,сказочный капюшон
676,1.0.0,mummy mask,mummy mask,Mumienmaske,careta de momia,careta de momia,masque de momie,masque de momie,maschera da mummia,mummiemasker,木乃伊头套,木乃伊頭套,ミイラのかぶりもの,미라 마스크,маска мумии
677,1.0.0,bunny hood,bunny hood,Hasenkapuze,gorro de conejito,gorro de conejito,cagoule lapin,cagoule lapin,cappello da coniglio,konijnenmuts,兔子头套,兔子頭套,ウサギのかぶりもの,토끼 모자,шапка зайки
678,1.0.0,cat cap,cat cap,Katzenmütze,gorro de gato,gorro de gato,cagoule chat,cagoule chat,cappello da gatto,kattenmuts,猫头套,貓頭套,ネコのかぶりもの,고양이 모자,шапка кошки
679,1.0.0,ski mask,ski mask,Skimaske,pasamontañas,pasamontañas,cagoule,cagoule,passamontagna,bivakmuts,全罩式头套,全罩式頭套,めだしぼう,복면 마스크,лыжная маска
680,1.0.0,skeleton hood,skeleton hood,Skelettkapuze,capucha calavera,capucha calavera,masque de squelette,masque de squelette,copricapo scheletro,schedelmuts,骸骨头套,骸骨頭套,ガイコツのかぶりもの,해골 모자,шапка скелета
682,1.0.0,bear cap,bear cap,Bärenmütze,gorro de oso,gorro de oso,cagoule ours,cagoule ours,cappello da orso,berenmuts,熊头套,熊頭套,クマのかぶりもの,곰 모자,шапка медведя
683,1.0.0,kappa cap,kappa cap,Käpten-Mütze,gorro de kappa,gorro de kappa,cagoule kappa,cagoule kappa,cappello da tartaruga,kappa-muts,河童头套,河童頭頂,カッパのおさら,거북이 모자,шапка каппы
686,1.0.0,knight's helmet,knight's helmet,Ritterhelm,yelmo,yelmo,casque de chevalier,casque de chevalier,elmo medievale,ridderhelm,铁甲头盔,鐵甲面罩,アイアンアーマーヘルメット,아이언 아머 헬멧,рыцарский шлем
687,1.0.0,frog cap,frog cap,Froschmütze,gorro de rana,gorro de rana,cagoule grenouille,cagoule grenouille,cappello da rana,kikkermuts,青蛙头套,青蛙頭套,カエルのかぶりもの,개구리 모자,шапка лягушки
692,1.0.0,gold helmet,gold helmet,Goldhelm,yelmo dorado,yelmo dorado,casque en or,casque en or,elmo d'oro,gouden helm,金甲头盔,金頭盔,ゴールデンアーマーヘルメット,골든 아머 헬멧,золотой шлем
697,1.0.0,football helmet,football helmet,Football-Helm,casco de rugby,casco de rugby,casque de football,casque de football,casco da football,Americanfootballhelm,美式足球头盔,美式足球安全帽,アメフトヘルメット,럭비 헬멧,футбольный шлем
698,1.0.0,firefighter's hat,firefighter's hat,Feuerwehrhut,casco de bombero,casco de bombero,casque de pompier,casque de pompier,elmo da pompiere,brandweerhelm,消防员头盔,消防員帽子,しょうぼうしのぼうし,소방관 모자,шлем пожарного
699,1.0.0,welding mask,welding mask,Schweißmaske,máscara de soldar,máscara de soldar,masque de soudure,masque de soudure,maschera da saldatore,lasmasker,焊接面罩,焊接面罩,ようせつマスク,용접 마스크,шлем сварщика
702,1.0.0,samurai helmet,samurai helmet,Samuraihelm,casco de samurái,casco de samurái,casque de samouraï,casque de samouraï,elmo da samurai,samoeraihelm,头盔,頭盔,かぶと,일본 무사 투구,шлем самурая
704,1.0.0,milkmaid hat,milkmaid hat,Trachtenhaube,tocado holandés,tocado holandés,chapeau hollandais,chapeau hollandais,cuffia olandese,melkmeisjesmuts,荷兰帽子,荷蘭帽子,オランダのぼうし,네덜란드 모자,шапочка молочницы
706,1.0.0,pilot's cap,pilot's cap,Pilotenkappe,gorra de aviación,gorra de aviación,casque de pilote,casque de pilote,casco d'aviatore,pilotenmuts,飞行帽,飛行帽,ひこうぼう,비행 모자,шапка летчика
707,1.0.0,baby's hat,baby's hat,Babyhütchen,gorro de bebé,gorro de bebé,chapeau de bébé,chapeau de bébé,cuffietta,babymutsje,婴儿帽子,嬰兒帽子,あかちゃんのぼうし,아기 모자,чепчик младенца
708,1.0.0,ninja hood,ninja hood,Ninjakapuze,caperuza de ninja,caperuza de ninja,cagoule de ninja,cagoule de ninja,cappuccio ninja,ninjamasker,忍者头巾,忍者頭巾,にんじゃずきん,닌자 두건,капюшон ниндзя
709,1.0.0,batter's helmet,batter's helmet,Baseballhelm,casco de bateador,casco de bateador,casque de batteur,casque de batteur,elmetto da battitore,slagmanshelm,棒球头盔,棒球安全帽,やきゅうのヘルメット,야구 헬멧,шлем бейсболиста
711,1.0.0,wrestling mask,wrestling mask,Wrestlingmaske,máscara de lucha libre,máscara de lucha libre,masque de catch,masque de catch,maschera da wrestling,worstelaarsmasker,职业摔角面具,職業摔角面具,プロレスのマスク,프로 레슬링 마스크,маска рестлера
712,1.0.0,hot-dog hood,hot-dog hood,Hotdog-Kapuze,capucha salchicha,capucha salchicha,capuche saucisse,capuche saucisse,berretto hot dog,hotdogmuts,热狗头套,熱狗頭套,ホットドッグマスク,핫도그 마스크,шапка «Хот-дог»
713,1.0.0,knit cap with earflaps,knit cap with earflaps,Ohrenwärmer-Strickmütze,gorro de punto con orejeras,gorro tejido con orejas,bonnet cache-oreilles tricot,bonnet cache-oreilles tricot,cappello con paraorecchi,gebreide flapmuts,耳罩针织帽,耳罩針織帽,みみあてつきニット,귀마개 니트 모자,вязаная шапка с ушами
717,1.0.0,space helmet,space helmet,Astronautenhelm,casco espacial,casco espacial,casque spatial,casque spatial,casco spaziale,ruimtehelm,宇航员头盔,太空人安全帽,アストロヘルメット,아스트로 헬멧,шлем космонавта
718,1.0.0,paintball mask,paintball mask,Paintball-Maske,casco de paintball,casco de paintball,masque de paintball,masque de paintball,maschera da paintball,paintballmasker,漆弹面罩,漆彈面罩,ペイントボールマスク,페인트 볼 마스크,маска для пейнтбола
738,1.0.0,zap helmet,zap helmet,Superheldenhelm,supercasco,supercasco,casque de héros,casque de héros,casco da eroe,superhelm,英雄头盔,英雄安全帽,ヒーローヘルメット,히어로 헬멧,шлем супергероя
741,1.0.0,turban,turban,Turban,turbante,turbante,turban,turban,turbante,tulband,特本头巾,特本頭巾,ターバン,터번,тюрбан
742,1.0.0,helmet with goggles,helmet with goggles,Skibrillenhelm,casco motocicleta clásico,casco motocicleta clásico,casque avec lunettes,casque avec lunettes,casco con occhiali,helm met beschermbril,带护目镜头盔,護目鏡安全帽,ゴーグルつきヘルメット,고글 헬멧,шлем с очками
748,1.0.0,racing helmet,racing helmet,Rennfahrerhelm,casco de carreras,casco de carreras,casque de course,casque de course,casco da pilota,coureurshelm,全罩式头盔,全罩式安全帽,フルフェイスメット,풀페이스 헬멧,шлем гонщика
758,1.0.0,imp hood,imp hood,Kobold-Mütze,gorro de diablo,gorro de diablo,capuche de diablotin,capuche de diablotin,copricapo con corna,duveltjesmuts,恶魔头套,魔鬼頭套,デビルなかぶりもの,악마 모자,шапка чертика
759,1.0.0,sheep hood,sheep hood,Schafkapuze,gorro de carnero,gorro de carnero,capuche de bélier,capuche de bélier,cappello da montone,schapenmuts,绵羊头套,綿羊頭套,ひつじのかぶりもの,양 모자,шапка барана
822,1.0.0,veiled gardening hat,veiled gardening hat,Schleier-Gärtnerhut,gorra para agricultura,gorra para agricultura,chapeau agricole,chapeau agricole,cappello con veletta,tuinierpet,农作遮阳帽,農作遮陽帽,のうぎょうぼう,농부 모자,дачная шапка
825,1.0.0,headgear,headgear,Boxerhelm,protector de cabeza,protector de cabeza,casque de boxe,casque de boxe,casco,hoofdbeschermer,拳击头套,拳擊頭套,ヘッドギア,헤드기어,парик боксера со шлемом
826,1.0.0,mohawk wig,mohawk wig,Irokesenperücke,cresta mohicana,cresta mohicana,perruque iroquoise,perruque en crête,parrucca da moicano,hanenkampruik,朋克头,龐克頭,モヒカン,모히칸,парик-ирокез
827,1.0.0,pompadour wig,pompadour wig,Schmalztollenperücke,tupé rockabilly,tupé rockabilly,perruque banane,perruque banane,parrucca da principe,vetkuifpruik,飞机头,飛機頭,リーゼント,리젠트,парик регента
828,1.0.0,samurai wig,samurai wig,Samuraiperücke,peluca de samurái,peluca de samurái,coiffe de samouraï,coiffe de samouraï,parrucca da samurai,samoeraipruik,武士头,武士頭,ちょんまげ,일본식 상투,парик самурая
829,1.0.0,matronly bun,matronly bun,Großmutterperücke,peluca señora mayor,peluca señora mayor,perruque de matrone,perruque de matrone,parrucca da matrona,omaknotpruik,丸子头,洋蔥頭,たまねぎヘアー,양파 머리,парик-кичка
830,1.2.0,bridal veil,bridal veil,Brautschleier,velo de novia,velo de novia,voile de mariée,voile de mariée,velo da sposa,bruidssluier,纯白头纱,純白頭紗,じゅんぱくのヴェール,순백 베일,парик с фатой
831,1.0.0,bun wig,bun wig,Doppel-Dutt,moño,velo de novia,perruque beignet,voile de mariée,parrucca con chignon,knotjespruik,双丸子头,丸子頭,おだんごあたま,양갈래 머리,парик с чепцами
832,1.0.0,DJ cap,DJ cap,DJ-Kappe,gorra de DJ,gorra de DJ,casque de DJ,casque de DJ,cappello con cuffie,dj-pet,头戴式耳机,頭戴式耳機,ヘッドホン,헤드폰,кепка диджея
833,1.0.0,gothic headdress,gothic headdress,Gothic-Kopfputz,peluca con tocado,peluca con tocado,chevelure gothique,chevelure gothique,copricapo gotico,victoriaanse haarband,头饰,頭飾,ヘッドドレス,헤드드레스,парик с аксессуаром
834,1.0.0,veil,veil,1001-Nacht-Schleier,velo princesa desierto,velo princesa desierto,voile princesse du désert,voile princesse du désert,velo da mille e una notte,woestijnprinsessensluier,面纱,面紗,ベール,베일,парик с вуалью
836,1.0.0,geisha wig,geisha wig,Geishaperücke,peluca de geisha,peluca de geisha,coiffe de geisha,coiffe de geisha,parrucca da geisha,geishapruik,艺伎假发,藝妓假髮,ゲイシャさん,게이샤 머리,парик гейши
837,1.0.0,composer's wig,composer's wig,Komponistenperücke,pelucón,pelucón,perruque de compositeur,perruque de compositeur,parrucca da musicista,componistenpruik,音乐家假发,音樂家假髮,おんがくかのかつら,음악가 가발,парик композитора
838,1.0.0,power helmet,power helmet,Power-Helm,casco de energía,casco de energía,casque de puissance,casque de puissance,casco da tuta potenziata,superkrachthelm,动力头盔,動力頭盔,パワードメット,파워 헬멧,силовой шлем
900,1.0.0,paper bag,paper bag,Papiertüte,bolsa de papel,bolsa de papel,sac en papier,sac en papier,sacchetto di carta,papieren zak,纸袋,紙袋,かみぶくろ,종이 봉투,бумажный пакет
917,1.0.0,fox mask,fox mask,Fuchsmaske,máscara de zorro,máscara de zorro,masque de renard,masque de renard,maschera da volpe,vossenmasker,狐狸面具,狐狸面具,キツネのおめん,여우 가면,маска лисы
918,1.0.0,elder mask,elder mask,Greisenmaske,máscara de sabio,máscara de sabio,masque de sage,masque de sage,maschera da saggio,ouderenmasker,老翁能面具,老翁能面具,おきなののうめん,동양 전통 가면,маска старика
919,1.0.0,Noh mask,Noh mask,No-Maske,máscara de teatro Noh,máscara de teatro Noh,masque de nô,masque de nô,maschera da teatro nō,no-masker,能面具,能面具,のうめん,일본 전통 가면,маска театра «но»
923,1.0.0,hockey mask,hockey mask,Hockeymaske,máscara de hockey,máscara de hockey,masque de hockey,masque de hockey,maschera da hockey,ijshockeymasker,曲棍球面罩,曲棍球面罩,ホッケーのマスク,하키 마스크,хоккейная маска
931,1.0.0,catcher's mask,catcher's mask,Baseballmaske,máscara de béisbol,máscara de béisbol,masque de receveur,masque de receveur,maschera da ricevitore,achtervangershelm,捕手面罩,捕手面罩,キャッチャーマスク,포수 마스크,маска бейсболиста
933,1.0.0,kaffiyeh,kaffiyeh,Kufija,pañuelo árabe,pañuelo árabe,keffieh,keffieh,kefiah,keffiyeh,阿拉伯帽子,阿拉伯帽子,アラビアのぼうし,아라비아 모자,куфия
934,1.0.0,stagehand hat,stagehand hat,Kabuki-Hut,velo de tramoyista,gorro con velo,chapeau machiniste,chapeau machiniste,cappuccio in garza nera,kuroko-muts,黑子头巾,黑子頭巾,くろこ,검은 복면,шапка сценрабочего
956,1.0.0,leaf mask,leaf mask,Blatt-Maske,máscara hoja,máscara hoja,masque feuille,masque feuille,maschera a foglia,bladmasker,叶子面具,葉子面具,はっぱのおめん,나뭇잎 가면,маска-лист
1008,1.0.0,tiara hair,tiara hair,Diadem-Perücke,diadema de princesa,diadema de princesa,diadème,diadème,diadema,tiarapruik,公主假发,公主假髮,おひめさま,공주님 머리,парик с диадемой
1009,1.0.0,headband,headband,Haarband,cinta para el pelo,cinta para el cabello,bandeau,bandeau,fascia,haarbandpruik,发带,髮帶,ヘアターバン,헤어밴드,парик с ленточкой
1010,1.0.0,coin headpiece,coin headpiece,Münzen-Stirnband,gorra de monedas,gorra de monedas,parure de sultane,parure de sultane,copricapo con monete,muntenpruik,金币头饰,金幣頭飾,コインヘッドピース,코인 헤드피스,парик с монетками
1011,1.0.0,pigtail,pigtail,Khan-Perücke,coleta mongola,cola de caballo,natte,natte,codino cinese,paardenstaart,小辫子,小辮子,べんぱつ,변발,парик-косичка
1012,1.0.0,visual-punk wig,visual-punk wig,Visual-Kei-Perücke,peluca punk,peluca punk,perruque visual kei,perruque visual kei,parrucca visual kei,Japanse punkpruik,视觉系假发,視覺系假髮,ヴィジュアルけいウィッグ,록 밴드 스타일 가발,панковский парик
1040,1.0.0,snowperson head,snowperson head,Schneemannhut,casco de Copito,casco de Copito,cagoule neige,cagoule neige,testa da pupazzo di neve,sneeuwpopkop,雪人头套,雪人帽子,ゆきだるまのぼうし,눈사람 모자,шапка снеговика
1113,1.0.0,star head,star head,Sternenkapuze,casco estrella,casco estrella,cagoule étoile,cagoule étoile,cappuccio stella,sterrenkop,星星头套,星星頭套,おほしさまのあたま,별님 머리,звездный шлем
